course_id,title,category,difficulty,description,tags
C0001,Course 1,Computer Science,Beginner,"This beginner-level computer science MOOC covers core concepts, examples, and assessments. Includes labs and forum activities. (Syllabus ID 101).","programming,algorithms,systems,beginner"
C0002,Course 2,Mathematics,Intermediate,"This intermediate-level mathematics MOOC covers core concepts, examples, and assessments. Includes case studies and discussions. (Syllabus ID 102).","calculus,algebra,proofs,intermediate"
C0003,Course 3,Business,Beginner,"This beginner-level business MOOC covers core concepts, examples, and assessments. Includes case studies and discussions. (Syllabus ID 103).","management,strategy,marketing,beginner"
C0004,Course 4,Mathematics,Intermediate,"This intermediate-level mathematics MOOC covers core concepts, examples, and assessments. Includes case studies and discussions. (Syllabus ID 104).","calculus,algebra,proofs,intermediate"
C0005,Course 5,Language,Beginner,"This beginner-level language MOOC covers core concepts, examples, and assessments. Includes case studies and discussions. (Syllabus ID 105).","grammar,vocabulary,speaking,beginner"
C0006,Course 6,Data Science,Intermediate,"This intermediate-level data science MOOC covers core concepts, examples, and assessments. Includes labs and forum activities. (Syllabus ID 106).","ml,statistics,python,intermediate"
C0007,Course 7,Data Science,Beginner,"This beginner-level data science MOOC covers core concepts, examples, and assessments. Includes labs and forum activities. (Syllabus ID 107).","ml,statistics,python,beginner"
C0008,Course 8,Computer Science,Beginner,"This beginner-level computer science MOOC covers core concepts, examples, and assessments. Includes labs and forum activities. (Syllabus ID 108).","programming,algorithms,systems,beginner"
C0009,Course 9,Humanities,Advanced,"This advanced-level humanities MOOC covers core concepts, examples, and assessments. Includes case studies and discussions. (Syllabus ID 109).","history,culture,ethics,advanced"
C0010,Course 10,Data Science,Beginner,"This beginner-level data science MOOC covers core concepts, examples, and assessments. Includes labs and forum activities. (Syllabus ID 110).","ml,statistics,python,beginner"
C0011,Course 11,Engineering,Advanced,"This advanced-level engineering MOOC covers core concepts, examples, and assessments. Includes labs and forum activities. (Syllabus ID 111).","design,control,simulation,advanced"
C0012,Course 12,Art & Design,Intermediate,"This intermediate-level art & design MOOC covers core concepts, examples, and assessments. Includes case studies and discussions. (Syllabus ID 112).","creativity,design,studio,intermediate"
C0013,Course 13,Business,Beginner,"This beginner-level business MOOC covers core concepts, examples, and assessments. Includes case studies and discussions. (Syllabus ID 113).","management,strategy,marketing,beginner"
C0014,Course 14,Computer Science,Intermediate,"This intermediate-level computer science MOOC covers core concepts, examples, and assessments. Includes labs and forum activities. (Syllabus ID 114).","programming,algorithms,systems,intermediate"
C0015,Course 15,Humanities,Beginner,"This beginner-level humanities MOOC covers core concepts, examples, and assessments. Includes case studies and discussions. (Syllabus ID 115).","history,culture,ethics,beginner"
C0016,Course 16,Social Sciences,Advanced,"This advanced-level social sciences MOOC covers core concepts, examples, and assessments. Includes case studies and discussions. (Syllabus ID 116).","society,behavior,policy,advanced"
C0017,Course 17,Computer Science,Beginner,"This beginner-level computer science MOOC covers core concepts, examples, and assessments. Includes labs and forum activities. (Syllabus ID 117).","programming,algorithms,systems,beginner"
C0018,Course 18,Data Science,Intermediate,"This intermediate-level data science MOOC covers core concepts, examples, and assessments. Includes labs and forum activities. (Syllabus ID 118).","ml,statistics,python,intermediate"
C0019,Course 19,Social Sciences,Beginner,"This beginner-level social sciences MOOC covers core concepts, examples, and assessments. Includes case studies and discussions. (Syllabus ID 119).","society,behavior,policy,beginner"
C0020,Course 20,Computer Science,Beginner,"This beginner-level computer science MOOC covers core concepts, examples, and assessments. Includes labs and forum activities. (Syllabus ID 120).","programming,algorithms,systems,beginner"
C0021,Course 21,Engineering,Advanced,"This advanced-level engineering MOOC covers core concepts, examples, and assessments. Includes labs and forum activities. (Syllabus ID 121).","design,control,simulation,advanced"
C0022,Course 22,Language,Intermediate,"This intermediate-level language MOOC covers core concepts, examples, and assessments. Includes case studies and discussions. (Syllabus ID 122).","grammar,vocabulary,speaking,intermediate"
C0023,Course 23,Humanities,Intermediate,"This intermediate-level humanities MOOC covers core concepts, examples, and assessments. Includes case studies and discussions. (Syllabus ID 123).","history,culture,ethics,intermediate"
C0024,Course 24,Data Science,Intermediate,"This intermediate-level data science MOOC covers core concepts, examples, and assessments. Includes labs and forum activities. (Syllabus ID 124).","ml,statistics,python,intermediate"
C0025,Course 25,Social Sciences,Beginner,"This beginner-level social sciences MOOC covers core concepts, examples, and assessments. Includes case studies and discussions. (Syllabus ID 125).","society,behavior,policy,beginner"
C0026,Course 26,Computer Science,Advanced,"This advanced-level computer science MOOC covers core concepts, examples, and assessments. Includes labs and forum activities. (Syllabus ID 126).","programming,algorithms,systems,advanced"
C0027,Course 27,Data Science,Advanced,"This advanced-level data science MOOC covers core concepts, examples, and assessments. Includes labs and forum activities. (Syllabus ID 127).","ml,statistics,python,advanced"
C0028,Course 28,Mathematics,Beginner,"This beginner-level mathematics MOOC covers core concepts, examples, and assessments. Includes case studies and discussions. (Syllabus ID 128).","calculus,algebra,proofs,beginner"
C0029,Course 29,Engineering,Intermediate,"This intermediate-level engineering MOOC covers core concepts, examples, and assessments. Includes labs and forum activities. (Syllabus ID 129).","design,control,simulation,intermediate"
C0030,Course 30,Data Science,Beginner,"This beginner-level data science MOOC covers core concepts, examples, and assessments. Includes labs and forum activities. (Syllabus ID 130).","ml,statistics,python,beginner"
C0031,Course 31,Computer Science,Intermediate,"This intermediate-level computer science MOOC covers core concepts, examples, and assessments. Includes labs and forum activities. (Syllabus ID 131).","programming,algorithms,systems,intermediate"
C0032,Course 32,Data Science,Beginner,"This beginner-level data science MOOC covers core concepts, examples, and assessments. Includes labs and forum activities. (Syllabus ID 132).","ml,statistics,python,beginner"
C0033,Course 33,Business,Intermediate,"This intermediate-level business MOOC covers core concepts, examples, and assessments. Includes case studies and discussions. (Syllabus ID 133).","management,strategy,marketing,intermediate"
C0034,Course 34,Data Science,Intermediate,"This intermediate-level data science MOOC covers core concepts, examples, and assessments. Includes labs and forum activities. (Syllabus ID 134).","ml,statistics,python,intermediate"
C0035,Course 35,Business,Intermediate,"This intermediate-level business MOOC covers core concepts, examples, and assessments. Includes case studies and discussions. (Syllabus ID 135).","management,strategy,marketing,intermediate"
C0036,Course 36,Art & Design,Beginner,"This beginner-level art & design MOOC covers core concepts, examples, and assessments. Includes case studies and discussions. (Syllabus ID 136).","creativity,design,studio,beginner"
C0037,Course 37,Mathematics,Advanced,"This advanced-level mathematics MOOC covers core concepts, examples, and assessments. Includes case studies and discussions. (Syllabus ID 137).","calculus,algebra,proofs,advanced"
C0038,Course 38,Humanities,Beginner,"This beginner-level humanities MOOC covers core concepts, examples, and assessments. Includes case studies and discussions. (Syllabus ID 138).","history,culture,ethics,beginner"
C0039,Course 39,Data Science,Intermediate,"This intermediate-level data science MOOC covers core concepts, examples, and assessments. Includes labs and forum activities. (Syllabus ID 139).","ml,statistics,python,intermediate"
C0040,Course 40,Humanities,Intermediate,"This intermediate-level humanities MOOC covers core concepts, examples, and assessments. Includes case studies and discussions. (Syllabus ID 140).","history,culture,ethics,intermediate"
C0041,Course 41,Data Science,Beginner,"This beginner-level data science MOOC covers core concepts, examples, and assessments. Includes labs and forum activities. (Syllabus ID 141).","ml,statistics,python,beginner"
C0042,Course 42,Business,Intermediate,"This intermediate-level business MOOC covers core concepts, examples, and assessments. Includes case studies and discussions. (Syllabus ID 142).","management,strategy,marketing,intermediate"
C0043,Course 43,Engineering,Intermediate,"This intermediate-level engineering MOOC covers core concepts, examples, and assessments. Includes labs and forum activities. (Syllabus ID 143).","design,control,simulation,intermediate"
C0044,Course 44,Business,Intermediate,"This intermediate-level business MOOC covers core concepts, examples, and assessments. Includes case studies and discussions. (Syllabus ID 144).","management,strategy,marketing,intermediate"
C0045,Course 45,Data Science,Advanced,"This advanced-level data science MOOC covers core concepts, examples, and assessments. Includes labs and forum activities. (Syllabus ID 145).","ml,statistics,python,advanced"
C0046,Course 46,Mathematics,Beginner,"This beginner-level mathematics MOOC covers core concepts, examples, and assessments. Includes case studies and discussions. (Syllabus ID 146).","calculus,algebra,proofs,beginner"
C0047,Course 47,Business,Beginner,"This beginner-level business MOOC covers core concepts, examples, and assessments. Includes case studies and discussions. (Syllabus ID 147).","management,strategy,marketing,beginner"
C0048,Course 48,Social Sciences,Beginner,"This beginner-level social sciences MOOC covers core concepts, examples, and assessments. Includes case studies and discussions. (Syllabus ID 148).","society,behavior,policy,beginner"
C0049,Course 49,Computer Science,Intermediate,"This intermediate-level computer science MOOC covers core concepts, examples, and assessments. Includes labs and forum activities. (Syllabus ID 149).","programming,algorithms,systems,intermediate"
C0050,Course 50,Mathematics,Beginner,"This beginner-level mathematics MOOC covers core concepts, examples, and assessments. Includes case studies and discussions. (Syllabus ID 150).","calculus,algebra,proofs,beginner"
C0051,Course 51,Business,Beginner,"This beginner-level business MOOC covers core concepts, examples, and assessments. Includes case studies and discussions. (Syllabus ID 151).","management,strategy,marketing,beginner"
C0052,Course 52,Business,Intermediate,"This intermediate-level business MOOC covers core concepts, examples, and assessments. Includes case studies and discussions. (Syllabus ID 152).","management,strategy,marketing,intermediate"
C0053,Course 53,Engineering,Beginner,"This beginner-level engineering MOOC covers core concepts, examples, and assessments. Includes labs and forum activities. (Syllabus ID 153).","design,control,simulation,beginner"
C0054,Course 54,Data Science,Beginner,"This beginner-level data science MOOC covers core concepts, examples, and assessments. Includes labs and forum activities. (Syllabus ID 154).","ml,statistics,python,beginner"
C0055,Course 55,Business,Intermediate,"This intermediate-level business MOOC covers core concepts, examples, and assessments. Includes case studies and discussions. (Syllabus ID 155).","management,strategy,marketing,intermediate"
C0056,Course 56,Computer Science,Beginner,"This beginner-level computer science MOOC covers core concepts, examples, and assessments. Includes labs and forum activities. (Syllabus ID 156).","programming,algorithms,systems,beginner"
C0057,Course 57,Computer Science,Intermediate,"This intermediate-level computer science MOOC covers core concepts, examples, and assessments. Includes labs and forum activities. (Syllabus ID 157).","programming,algorithms,systems,intermediate"
C0058,Course 58,Engineering,Advanced,"This advanced-level engineering MOOC covers core concepts, examples, and assessments. Includes labs and forum activities. (Syllabus ID 158).","design,control,simulation,advanced"
C0059,Course 59,Data Science,Beginner,"This beginner-level data science MOOC covers core concepts, examples, and assessments. Includes labs and forum activities. (Syllabus ID 159).","ml,statistics,python,beginner"
C0060,Course 60,Engineering,Intermediate,"This intermediate-level engineering MOOC covers core concepts, examples, and assessments. Includes labs and forum activities. (Syllabus ID 160).","design,control,simulation,intermediate"
C0061,Course 61,Language,Intermediate,"This intermediate-level language MOOC covers core concepts, examples, and assessments. Includes case studies and discussions. (Syllabus ID 161).","grammar,vocabulary,speaking,intermediate"
C0062,Course 62,Engineering,Beginner,"This beginner-level engineering MOOC covers core concepts, examples, and assessments. Includes labs and forum activities. (Syllabus ID 162).","design,control,simulation,beginner"
C0063,Course 63,Computer Science,Intermediate,"This intermediate-level computer science MOOC covers core concepts, examples, and assessments. Includes labs and forum activities. (Syllabus ID 163).","programming,algorithms,systems,intermediate"
C0064,Course 64,Humanities,Advanced,"This advanced-level humanities MOOC covers core concepts, examples, and assessments. Includes case studies and discussions. (Syllabus ID 164).","history,culture,ethics,advanced"
C0065,Course 65,Engineering,Beginner,"This beginner-level engineering MOOC covers core concepts, examples, and assessments. Includes labs and forum activities. (Syllabus ID 165).","design,control,simulation,beginner"
C0066,Course 66,Humanities,Intermediate,"This intermediate-level humanities MOOC covers core concepts, examples, and assessments. Includes case studies and discussions. (Syllabus ID 166).","history,culture,ethics,intermediate"
C0067,Course 67,Language,Advanced,"This advanced-level language MOOC covers core concepts, examples, and assessments. Includes case studies and discussions. (Syllabus ID 167).","grammar,vocabulary,speaking,advanced"
C0068,Course 68,Social Sciences,Beginner,"This beginner-level social sciences MOOC covers core concepts, examples, and assessments. Includes case studies and discussions. (Syllabus ID 168).","society,behavior,policy,beginner"
C0069,Course 69,Health,Advanced,"This advanced-level health MOOC covers core concepts, examples, and assessments. Includes case studies and discussions. (Syllabus ID 169).","wellness,public-health,bio,advanced"
C0070,Course 70,Data Science,Intermediate,"This intermediate-level data science MOOC covers core concepts, examples, and assessments. Includes labs and forum activities. (Syllabus ID 170).","ml,statistics,python,intermediate"
C0071,Course 71,Health,Intermediate,"This intermediate-level health MOOC covers core concepts, examples, and assessments. Includes case studies and discussions. (Syllabus ID 171).","wellness,public-health,bio,intermediate"
C0072,Course 72,Computer Science,Intermediate,"This intermediate-level computer science MOOC covers core concepts, examples, and assessments. Includes labs and forum activities. (Syllabus ID 172).","programming,algorithms,systems,intermediate"
C0073,Course 73,Humanities,Intermediate,"This intermediate-level humanities MOOC covers core concepts, examples, and assessments. Includes case studies and discussions. (Syllabus ID 173).","history,culture,ethics,intermediate"
C0074,Course 74,Data Science,Intermediate,"This intermediate-level data science MOOC covers core concepts, examples, and assessments. Includes labs and forum activities. (Syllabus ID 174).","ml,statistics,python,intermediate"
C0075,Course 75,Mathematics,Beginner,"This beginner-level mathematics MOOC covers core concepts, examples, and assessments. Includes case studies and discussions. (Syllabus ID 175).","calculus,algebra,proofs,beginner"
C0076,Course 76,Data Science,Advanced,"This advanced-level data science MOOC covers core concepts, examples, and assessments. Includes labs and forum activities. (Syllabus ID 176).","ml,statistics,python,advanced"
C0077,Course 77,Computer Science,Intermediate,"This intermediate-level computer science MOOC covers core concepts, examples, and assessments. Includes labs and forum activities. (Syllabus ID 177).","programming,algorithms,systems,intermediate"
C0078,Course 78,Business,Beginner,"This beginner-level business MOOC covers core concepts, examples, and assessments. Includes case studies and discussions. (Syllabus ID 178).","management,strategy,marketing,beginner"
C0079,Course 79,Humanities,Intermediate,"This intermediate-level humanities MOOC covers core concepts, examples, and assessments. Includes case studies and discussions. (Syllabus ID 179).","history,culture,ethics,intermediate"
C0080,Course 80,Humanities,Advanced,"This advanced-level humanities MOOC covers core concepts, examples, and assessments. Includes case studies and discussions. (Syllabus ID 180).","history,culture,ethics,advanced"
C0081,Course 81,Computer Science,Intermediate,"This intermediate-level computer science MOOC covers core concepts, examples, and assessments. Includes labs and forum activities. (Syllabus ID 181).","programming,algorithms,systems,intermediate"
C0082,Course 82,Business,Intermediate,"This intermediate-level business MOOC covers core concepts, examples, and assessments. Includes case studies and discussions. (Syllabus ID 182).","management,strategy,marketing,intermediate"
C0083,Course 83,Data Science,Beginner,"This beginner-level data science MOOC covers core concepts, examples, and assessments. Includes labs and forum activities. (Syllabus ID 183).","ml,statistics,python,beginner"
C0084,Course 84,Mathematics,Beginner,"This beginner-level mathematics MOOC covers core concepts, examples, and assessments. Includes case studies and discussions. (Syllabus ID 184).","calculus,algebra,proofs,beginner"
C0085,Course 85,Art & Design,Advanced,"This advanced-level art & design MOOC covers core concepts, examples, and assessments. Includes case studies and discussions. (Syllabus ID 185).","creativity,design,studio,advanced"
C0086,Course 86,Data Science,Beginner,"This beginner-level data science MOOC covers core concepts, examples, and assessments. Includes labs and forum activities. (Syllabus ID 186).","ml,statistics,python,beginner"
C0087,Course 87,Data Science,Advanced,"This advanced-level data science MOOC covers core concepts, examples, and assessments. Includes labs and forum activities. (Syllabus ID 187).","ml,statistics,python,advanced"
C0088,Course 88,Mathematics,Advanced,"This advanced-level mathematics MOOC covers core concepts, examples, and assessments. Includes case studies and discussions. (Syllabus ID 188).","calculus,algebra,proofs,advanced"
C0089,Course 89,Health,Beginner,"This beginner-level health MOOC covers core concepts, examples, and assessments. Includes case studies and discussions. (Syllabus ID 189).","wellness,public-health,bio,beginner"
C0090,Course 90,Engineering,Beginner,"This beginner-level engineering MOOC covers core concepts, examples, and assessments. Includes labs and forum activities. (Syllabus ID 190).","design,control,simulation,beginner"
C0091,Course 91,Art & Design,Intermediate,"This intermediate-level art & design MOOC covers core concepts, examples, and assessments. Includes case studies and discussions. (Syllabus ID 191).","creativity,design,studio,intermediate"
C0092,Course 92,Social Sciences,Intermediate,"This intermediate-level social sciences MOOC covers core concepts, examples, and assessments. Includes case studies and discussions. (Syllabus ID 192).","society,behavior,policy,intermediate"
C0093,Course 93,Computer Science,Advanced,"This advanced-level computer science MOOC covers core concepts, examples, and assessments. Includes labs and forum activities. (Syllabus ID 193).","programming,algorithms,systems,advanced"
C0094,Course 94,Health,Advanced,"This advanced-level health MOOC covers core concepts, examples, and assessments. Includes case studies and discussions. (Syllabus ID 194).","wellness,public-health,bio,advanced"
C0095,Course 95,Humanities,Beginner,"This beginner-level humanities MOOC covers core concepts, examples, and assessments. Includes case studies and discussions. (Syllabus ID 195).","history,culture,ethics,beginner"
C0096,Course 96,Data Science,Beginner,"This beginner-level data science MOOC covers core concepts, examples, and assessments. Includes labs and forum activities. (Syllabus ID 196).","ml,statistics,python,beginner"
C0097,Course 97,Art & Design,Intermediate,"This intermediate-level art & design MOOC covers core concepts, examples, and assessments. Includes case studies and discussions. (Syllabus ID 197).","creativity,design,studio,intermediate"
C0098,Course 98,Mathematics,Intermediate,"This intermediate-level mathematics MOOC covers core concepts, examples, and assessments. Includes case studies and discussions. (Syllabus ID 198).","calculus,algebra,proofs,intermediate"
C0099,Course 99,Computer Science,Intermediate,"This intermediate-level computer science MOOC covers core concepts, examples, and assessments. Includes labs and forum activities. (Syllabus ID 199).","programming,algorithms,systems,intermediate"
C0100,Course 100,Engineering,Beginner,"This beginner-level engineering MOOC covers core concepts, examples, and assessments. Includes labs and forum activities. (Syllabus ID 200).","design,control,simulation,beginner"
C0101,Course 101,Computer Science,Intermediate,"This intermediate-level computer science MOOC covers core concepts, examples, and assessments. Includes labs and forum activities. (Syllabus ID 201).","programming,algorithms,systems,intermediate"
C0102,Course 102,Business,Advanced,"This advanced-level business MOOC covers core concepts, examples, and assessments. Includes case studies and discussions. (Syllabus ID 202).","management,strategy,marketing,advanced"
C0103,Course 103,Art & Design,Advanced,"This advanced-level art & design MOOC covers core concepts, examples, and assessments. Includes case studies and discussions. (Syllabus ID 203).","creativity,design,studio,advanced"
C0104,Course 104,Business,Advanced,"This advanced-level business MOOC covers core concepts, examples, and assessments. Includes case studies and discussions. (Syllabus ID 204).","management,strategy,marketing,advanced"
C0105,Course 105,Engineering,Advanced,"This advanced-level engineering MOOC covers core concepts, examples, and assessments. Includes labs and forum activities. (Syllabus ID 205).","design,control,simulation,advanced"
C0106,Course 106,Mathematics,Advanced,"This advanced-level mathematics MOOC covers core concepts, examples, and assessments. Includes case studies and discussions. (Syllabus ID 206).","calculus,algebra,proofs,advanced"
C0107,Course 107,Art & Design,Beginner,"This beginner-level art & design MOOC covers core concepts, examples, and assessments. Includes case studies and discussions. (Syllabus ID 207).","creativity,design,studio,beginner"
C0108,Course 108,Mathematics,Advanced,"This advanced-level mathematics MOOC covers core concepts, examples, and assessments. Includes case studies and discussions. (Syllabus ID 208).","calculus,algebra,proofs,advanced"
C0109,Course 109,Computer Science,Beginner,"This beginner-level computer science MOOC covers core concepts, examples, and assessments. Includes labs and forum activities. (Syllabus ID 209).","programming,algorithms,systems,beginner"
C0110,Course 110,Business,Beginner,"This beginner-level business MOOC covers core concepts, examples, and assessments. Includes case studies and discussions. (Syllabus ID 210).","management,strategy,marketing,beginner"
C0111,Course 111,Data Science,Intermediate,"This intermediate-level data science MOOC covers core concepts, examples, and assessments. Includes labs and forum activities. (Syllabus ID 211).","ml,statistics,python,intermediate"
C0112,Course 112,Computer Science,Advanced,"This advanced-level computer science MOOC covers core concepts, examples, and assessments. Includes labs and forum activities. (Syllabus ID 212).","programming,algorithms,systems,advanced"
C0113,Course 113,Data Science,Intermediate,"This intermediate-level data science MOOC covers core concepts, examples, and assessments. Includes labs and forum activities. (Syllabus ID 213).","ml,statistics,python,intermediate"
C0114,Course 114,Engineering,Beginner,"This beginner-level engineering MOOC covers core concepts, examples, and assessments. Includes labs and forum activities. (Syllabus ID 214).","design,control,simulation,beginner"
C0115,Course 115,Art & Design,Beginner,"This beginner-level art & design MOOC covers core concepts, examples, and assessments. Includes case studies and discussions. (Syllabus ID 215).","creativity,design,studio,beginner"
C0116,Course 116,Social Sciences,Advanced,"This advanced-level social sciences MOOC covers core concepts, examples, and assessments. Includes case studies and discussions. (Syllabus ID 216).","society,behavior,policy,advanced"
C0117,Course 117,Computer Science,Advanced,"This advanced-level computer science MOOC covers core concepts, examples, and assessments. Includes labs and forum activities. (Syllabus ID 217).","programming,algorithms,systems,advanced"
C0118,Course 118,Humanities,Beginner,"This beginner-level humanities MOOC covers core concepts, examples, and assessments. Includes case studies and discussions. (Syllabus ID 218).","history,culture,ethics,beginner"
C0119,Course 119,Engineering,Beginner,"This beginner-level engineering MOOC covers core concepts, examples, and assessments. Includes labs and forum activities. (Syllabus ID 219).","design,control,simulation,beginner"
C0120,Course 120,Computer Science,Beginner,"This beginner-level computer science MOOC covers core concepts, examples, and assessments. Includes labs and forum activities. (Syllabus ID 220).","programming,algorithms,systems,beginner"
C0121,Course 121,Humanities,Beginner,"This beginner-level humanities MOOC covers core concepts, examples, and assessments. Includes case studies and discussions. (Syllabus ID 221).","history,culture,ethics,beginner"
C0122,Course 122,Data Science,Intermediate,"This intermediate-level data science MOOC covers core concepts, examples, and assessments. Includes labs and forum activities. (Syllabus ID 222).","ml,statistics,python,intermediate"
C0123,Course 123,Computer Science,Beginner,"This beginner-level computer science MOOC covers core concepts, examples, and assessments. Includes labs and forum activities. (Syllabus ID 223).","programming,algorithms,systems,beginner"
C0124,Course 124,Mathematics,Intermediate,"This intermediate-level mathematics MOOC covers core concepts, examples, and assessments. Includes case studies and discussions. (Syllabus ID 224).","calculus,algebra,proofs,intermediate"
C0125,Course 125,Health,Advanced,"This advanced-level health MOOC covers core concepts, examples, and assessments. Includes case studies and discussions. (Syllabus ID 225).","wellness,public-health,bio,advanced"
C0126,Course 126,Computer Science,Advanced,"This advanced-level computer science MOOC covers core concepts, examples, and assessments. Includes labs and forum activities. (Syllabus ID 226).","programming,algorithms,systems,advanced"
C0127,Course 127,Data Science,Beginner,"This beginner-level data science MOOC covers core concepts, examples, and assessments. Includes labs and forum activities. (Syllabus ID 227).","ml,statistics,python,beginner"
C0128,Course 128,Art & Design,Beginner,"This beginner-level art & design MOOC covers core concepts, examples, and assessments. Includes case studies and discussions. (Syllabus ID 228).","creativity,design,studio,beginner"
C0129,Course 129,Language,Beginner,"This beginner-level language MOOC covers core concepts, examples, and assessments. Includes case studies and discussions. (Syllabus ID 229).","grammar,vocabulary,speaking,beginner"
C0130,Course 130,Humanities,Intermediate,"This intermediate-level humanities MOOC covers core concepts, examples, and assessments. Includes case studies and discussions. (Syllabus ID 230).","history,culture,ethics,intermediate"
C0131,Course 131,Computer Science,Beginner,"This beginner-level computer science MOOC covers core concepts, examples, and assessments. Includes labs and forum activities. (Syllabus ID 231).","programming,algorithms,systems,beginner"
C0132,Course 132,Health,Beginner,"This beginner-level health MOOC covers core concepts, examples, and assessments. Includes case studies and discussions. (Syllabus ID 232).","wellness,public-health,bio,beginner"
C0133,Course 133,Social Sciences,Beginner,"This beginner-level social sciences MOOC covers core concepts, examples, and assessments. Includes case studies and discussions. (Syllabus ID 233).","society,behavior,policy,beginner"
C0134,Course 134,Computer Science,Beginner,"This beginner-level computer science MOOC covers core concepts, examples, and assessments. Includes labs and forum activities. (Syllabus ID 234).","programming,algorithms,systems,beginner"
C0135,Course 135,Data Science,Advanced,"This advanced-level data science MOOC covers core concepts, examples, and assessments. Includes labs and forum activities. (Syllabus ID 235).","ml,statistics,python,advanced"
C0136,Course 136,Mathematics,Intermediate,"This intermediate-level mathematics MOOC covers core concepts, examples, and assessments. Includes case studies and discussions. (Syllabus ID 236).","calculus,algebra,proofs,intermediate"
C0137,Course 137,Health,Beginner,"This beginner-level health MOOC covers core concepts, examples, and assessments. Includes case studies and discussions. (Syllabus ID 237).","wellness,public-health,bio,beginner"
C0138,Course 138,Computer Science,Intermediate,"This intermediate-level computer science MOOC covers core concepts, examples, and assessments. Includes labs and forum activities. (Syllabus ID 238).","programming,algorithms,systems,intermediate"
C0139,Course 139,Engineering,Intermediate,"This intermediate-level engineering MOOC covers core concepts, examples, and assessments. Includes labs and forum activities. (Syllabus ID 239).","design,control,simulation,intermediate"
C0140,Course 140,Art & Design,Intermediate,"This intermediate-level art & design MOOC covers core concepts, examples, and assessments. Includes case studies and discussions. (Syllabus ID 240).","creativity,design,studio,intermediate"
C0141,Course 141,Data Science,Beginner,"This beginner-level data science MOOC covers core concepts, examples, and assessments. Includes labs and forum activities. (Syllabus ID 241).","ml,statistics,python,beginner"
C0142,Course 142,Computer Science,Intermediate,"This intermediate-level computer science MOOC covers core concepts, examples, and assessments. Includes labs and forum activities. (Syllabus ID 242).","programming,algorithms,systems,intermediate"
C0143,Course 143,Computer Science,Advanced,"This advanced-level computer science MOOC covers core concepts, examples, and assessments. Includes labs and forum activities. (Syllabus ID 243).","programming,algorithms,systems,advanced"
C0144,Course 144,Humanities,Intermediate,"This intermediate-level humanities MOOC covers core concepts, examples, and assessments. Includes case studies and discussions. (Syllabus ID 244).","history,culture,ethics,intermediate"
C0145,Course 145,Art & Design,Advanced,"This advanced-level art & design MOOC covers core concepts, examples, and assessments. Includes case studies and discussions. (Syllabus ID 245).","creativity,design,studio,advanced"
C0146,Course 146,Computer Science,Beginner,"This beginner-level computer science MOOC covers core concepts, examples, and assessments. Includes labs and forum activities. (Syllabus ID 246).","programming,algorithms,systems,beginner"
C0147,Course 147,Computer Science,Intermediate,"This intermediate-level computer science MOOC covers core concepts, examples, and assessments. Includes labs and forum activities. (Syllabus ID 247).","programming,algorithms,systems,intermediate"
C0148,Course 148,Business,Beginner,"This beginner-level business MOOC covers core concepts, examples, and assessments. Includes case studies and discussions. (Syllabus ID 248).","management,strategy,marketing,beginner"
C0149,Course 149,Computer Science,Beginner,"This beginner-level computer science MOOC covers core concepts, examples, and assessments. Includes labs and forum activities. (Syllabus ID 249).","programming,algorithms,systems,beginner"
C0150,Course 150,Computer Science,Beginner,"This beginner-level computer science MOOC covers core concepts, examples, and assessments. Includes labs and forum activities. (Syllabus ID 250).","programming,algorithms,systems,beginner"
C0151,Course 151,Computer Science,Beginner,"This beginner-level computer science MOOC covers core concepts, examples, and assessments. Includes labs and forum activities. (Syllabus ID 251).","programming,algorithms,systems,beginner"
C0152,Course 152,Data Science,Beginner,"This beginner-level data science MOOC covers core concepts, examples, and assessments. Includes labs and forum activities. (Syllabus ID 252).","ml,statistics,python,beginner"
C0153,Course 153,Engineering,Intermediate,"This intermediate-level engineering MOOC covers core concepts, examples, and assessments. Includes labs and forum activities. (Syllabus ID 253).","design,control,simulation,intermediate"
C0154,Course 154,Business,Intermediate,"This intermediate-level business MOOC covers core concepts, examples, and assessments. Includes case studies and discussions. (Syllabus ID 254).","management,strategy,marketing,intermediate"
C0155,Course 155,Computer Science,Intermediate,"This intermediate-level computer science MOOC covers core concepts, examples, and assessments. Includes labs and forum activities. (Syllabus ID 255).","programming,algorithms,systems,intermediate"
C0156,Course 156,Humanities,Beginner,"This beginner-level humanities MOOC covers core concepts, examples, and assessments. Includes case studies and discussions. (Syllabus ID 256).","history,culture,ethics,beginner"
C0157,Course 157,Engineering,Beginner,"This beginner-level engineering MOOC covers core concepts, examples, and assessments. Includes labs and forum activities. (Syllabus ID 257).","design,control,simulation,beginner"
C0158,Course 158,Social Sciences,Beginner,"This beginner-level social sciences MOOC covers core concepts, examples, and assessments. Includes case studies and discussions. (Syllabus ID 258).","society,behavior,policy,beginner"
C0159,Course 159,Language,Beginner,"This beginner-level language MOOC covers core concepts, examples, and assessments. Includes case studies and discussions. (Syllabus ID 259).","grammar,vocabulary,speaking,beginner"
C0160,Course 160,Humanities,Beginner,"This beginner-level humanities MOOC covers core concepts, examples, and assessments. Includes case studies and discussions. (Syllabus ID 260).","history,culture,ethics,beginner"
C0161,Course 161,Computer Science,Advanced,"This advanced-level computer science MOOC covers core concepts, examples, and assessments. Includes labs and forum activities. (Syllabus ID 261).","programming,algorithms,systems,advanced"
C0162,Course 162,Art & Design,Advanced,"This advanced-level art & design MOOC covers core concepts, examples, and assessments. Includes case studies and discussions. (Syllabus ID 262).","creativity,design,studio,advanced"
C0163,Course 163,Social Sciences,Beginner,"This beginner-level social sciences MOOC covers core concepts, examples, and assessments. Includes case studies and discussions. (Syllabus ID 263).","society,behavior,policy,beginner"
C0164,Course 164,Data Science,Beginner,"This beginner-level data science MOOC covers core concepts, examples, and assessments. Includes labs and forum activities. (Syllabus ID 264).","ml,statistics,python,beginner"
C0165,Course 165,Mathematics,Advanced,"This advanced-level mathematics MOOC covers core concepts, examples, and assessments. Includes case studies and discussions. (Syllabus ID 265).","calculus,algebra,proofs,advanced"
C0166,Course 166,Health,Intermediate,"This intermediate-level health MOOC covers core concepts, examples, and assessments. Includes case studies and discussions. (Syllabus ID 266).","wellness,public-health,bio,intermediate"
C0167,Course 167,Engineering,Beginner,"This beginner-level engineering MOOC covers core concepts, examples, and assessments. Includes labs and forum activities. (Syllabus ID 267).","design,control,simulation,beginner"
C0168,Course 168,Health,Intermediate,"This intermediate-level health MOOC covers core concepts, examples, and assessments. Includes case studies and discussions. (Syllabus ID 268).","wellness,public-health,bio,intermediate"
C0169,Course 169,Computer Science,Beginner,"This beginner-level computer science MOOC covers core concepts, examples, and assessments. Includes labs and forum activities. (Syllabus ID 269).","programming,algorithms,systems,beginner"
C0170,Course 170,Humanities,Intermediate,"This intermediate-level humanities MOOC covers core concepts, examples, and assessments. Includes case studies and discussions. (Syllabus ID 270).","history,culture,ethics,intermediate"
C0171,Course 171,Humanities,Intermediate,"This intermediate-level humanities MOOC covers core concepts, examples, and assessments. Includes case studies and discussions. (Syllabus ID 271).","history,culture,ethics,intermediate"
C0172,Course 172,Computer Science,Intermediate,"This intermediate-level computer science MOOC covers core concepts, examples, and assessments. Includes labs and forum activities. (Syllabus ID 272).","programming,algorithms,systems,intermediate"
C0173,Course 173,Social Sciences,Advanced,"This advanced-level social sciences MOOC covers core concepts, examples, and assessments. Includes case studies and discussions. (Syllabus ID 273).","society,behavior,policy,advanced"
C0174,Course 174,Computer Science,Beginner,"This beginner-level computer science MOOC covers core concepts, examples, and assessments. Includes labs and forum activities. (Syllabus ID 274).","programming,algorithms,systems,beginner"
C0175,Course 175,Engineering,Intermediate,"This intermediate-level engineering MOOC covers core concepts, examples, and assessments. Includes labs and forum activities. (Syllabus ID 275).","design,control,simulation,intermediate"
C0176,Course 176,Computer Science,Advanced,"This advanced-level computer science MOOC covers core concepts, examples, and assessments. Includes labs and forum activities. (Syllabus ID 276).","programming,algorithms,systems,advanced"
C0177,Course 177,Business,Beginner,"This beginner-level business MOOC covers core concepts, examples, and assessments. Includes case studies and discussions. (Syllabus ID 277).","management,strategy,marketing,beginner"
C0178,Course 178,Business,Intermediate,"This intermediate-level business MOOC covers core concepts, examples, and assessments. Includes case studies and discussions. (Syllabus ID 278).","management,strategy,marketing,intermediate"
C0179,Course 179,Computer Science,Intermediate,"This intermediate-level computer science MOOC covers core concepts, examples, and assessments. Includes labs and forum activities. (Syllabus ID 279).","programming,algorithms,systems,intermediate"
C0180,Course 180,Data Science,Beginner,"This beginner-level data science MOOC covers core concepts, examples, and assessments. Includes labs and forum activities. (Syllabus ID 280).","ml,statistics,python,beginner"
C0181,Course 181,Data Science,Advanced,"This advanced-level data science MOOC covers core concepts, examples, and assessments. Includes labs and forum activities. (Syllabus ID 281).","ml,statistics,python,advanced"
C0182,Course 182,Humanities,Intermediate,"This intermediate-level humanities MOOC covers core concepts, examples, and assessments. Includes case studies and discussions. (Syllabus ID 282).","history,culture,ethics,intermediate"
C0183,Course 183,Mathematics,Intermediate,"This intermediate-level mathematics MOOC covers core concepts, examples, and assessments. Includes case studies and discussions. (Syllabus ID 283).","calculus,algebra,proofs,intermediate"
C0184,Course 184,Computer Science,Advanced,"This advanced-level computer science MOOC covers core concepts, examples, and assessments. Includes labs and forum activities. (Syllabus ID 284).","programming,algorithms,systems,advanced"
C0185,Course 185,Computer Science,Beginner,"This beginner-level computer science MOOC covers core concepts, examples, and assessments. Includes labs and forum activities. (Syllabus ID 285).","programming,algorithms,systems,beginner"
C0186,Course 186,Business,Advanced,"This advanced-level business MOOC covers core concepts, examples, and assessments. Includes case studies and discussions. (Syllabus ID 286).","management,strategy,marketing,advanced"
C0187,Course 187,Business,Beginner,"This beginner-level business MOOC covers core concepts, examples, and assessments. Includes case studies and discussions. (Syllabus ID 287).","management,strategy,marketing,beginner"
C0188,Course 188,Computer Science,Beginner,"This beginner-level computer science MOOC covers core concepts, examples, and assessments. Includes labs and forum activities. (Syllabus ID 288).","programming,algorithms,systems,beginner"
C0189,Course 189,Social Sciences,Intermediate,"This intermediate-level social sciences MOOC covers core concepts, examples, and assessments. Includes case studies and discussions. (Syllabus ID 289).","society,behavior,policy,intermediate"
C0190,Course 190,Art & Design,Intermediate,"This intermediate-level art & design MOOC covers core concepts, examples, and assessments. Includes case studies and discussions. (Syllabus ID 290).","creativity,design,studio,intermediate"
C0191,Course 191,Computer Science,Beginner,"This beginner-level computer science MOOC covers core concepts, examples, and assessments. Includes labs and forum activities. (Syllabus ID 291).","programming,algorithms,systems,beginner"
C0192,Course 192,Business,Beginner,"This beginner-level business MOOC covers core concepts, examples, and assessments. Includes case studies and discussions. (Syllabus ID 292).","management,strategy,marketing,beginner"
C0193,Course 193,Humanities,Beginner,"This beginner-level humanities MOOC covers core concepts, examples, and assessments. Includes case studies and discussions. (Syllabus ID 293).","history,culture,ethics,beginner"
C0194,Course 194,Data Science,Advanced,"This advanced-level data science MOOC covers core concepts, examples, and assessments. Includes labs and forum activities. (Syllabus ID 294).","ml,statistics,python,advanced"
C0195,Course 195,Humanities,Advanced,"This advanced-level humanities MOOC covers core concepts, examples, and assessments. Includes case studies and discussions. (Syllabus ID 295).","history,culture,ethics,advanced"
C0196,Course 196,Data Science,Intermediate,"This intermediate-level data science MOOC covers core concepts, examples, and assessments. Includes labs and forum activities. (Syllabus ID 296).","ml,statistics,python,intermediate"
C0197,Course 197,Social Sciences,Advanced,"This advanced-level social sciences MOOC covers core concepts, examples, and assessments. Includes case studies and discussions. (Syllabus ID 297).","society,behavior,policy,advanced"
C0198,Course 198,Business,Advanced,"This advanced-level business MOOC covers core concepts, examples, and assessments. Includes case studies and discussions. (Syllabus ID 298).","management,strategy,marketing,advanced"
C0199,Course 199,Engineering,Beginner,"This beginner-level engineering MOOC covers core concepts, examples, and assessments. Includes labs and forum activities. (Syllabus ID 299).","design,control,simulation,beginner"
C0200,Course 200,Engineering,Beginner,"This beginner-level engineering MOOC covers core concepts, examples, and assessments. Includes labs and forum activities. (Syllabus ID 300).","design,control,simulation,beginner"
C0201,Course 201,Mathematics,Intermediate,"This intermediate-level mathematics MOOC covers core concepts, examples, and assessments. Includes case studies and discussions. (Syllabus ID 301).","calculus,algebra,proofs,intermediate"
C0202,Course 202,Computer Science,Beginner,"This beginner-level computer science MOOC covers core concepts, examples, and assessments. Includes labs and forum activities. (Syllabus ID 302).","programming,algorithms,systems,beginner"
C0203,Course 203,Mathematics,Beginner,"This beginner-level mathematics MOOC covers core concepts, examples, and assessments. Includes case studies and discussions. (Syllabus ID 303).","calculus,algebra,proofs,beginner"
C0204,Course 204,Social Sciences,Advanced,"This advanced-level social sciences MOOC covers core concepts, examples, and assessments. Includes case studies and discussions. (Syllabus ID 304).","society,behavior,policy,advanced"
C0205,Course 205,Engineering,Advanced,"This advanced-level engineering MOOC covers core concepts, examples, and assessments. Includes labs and forum activities. (Syllabus ID 305).","design,control,simulation,advanced"
C0206,Course 206,Humanities,Intermediate,"This intermediate-level humanities MOOC covers core concepts, examples, and assessments. Includes case studies and discussions. (Syllabus ID 306).","history,culture,ethics,intermediate"
C0207,Course 207,Engineering,Intermediate,"This intermediate-level engineering MOOC covers core concepts, examples, and assessments. Includes labs and forum activities. (Syllabus ID 307).","design,control,simulation,intermediate"
C0208,Course 208,Mathematics,Intermediate,"This intermediate-level mathematics MOOC covers core concepts, examples, and assessments. Includes case studies and discussions. (Syllabus ID 308).","calculus,algebra,proofs,intermediate"
C0209,Course 209,Engineering,Advanced,"This advanced-level engineering MOOC covers core concepts, examples, and assessments. Includes labs and forum activities. (Syllabus ID 309).","design,control,simulation,advanced"
C0210,Course 210,Computer Science,Intermediate,"This intermediate-level computer science MOOC covers core concepts, examples, and assessments. Includes labs and forum activities. (Syllabus ID 310).","programming,algorithms,systems,intermediate"
C0211,Course 211,Language,Intermediate,"This intermediate-level language MOOC covers core concepts, examples, and assessments. Includes case studies and discussions. (Syllabus ID 311).","grammar,vocabulary,speaking,intermediate"
C0212,Course 212,Language,Beginner,"This beginner-level language MOOC covers core concepts, examples, and assessments. Includes case studies and discussions. (Syllabus ID 312).","grammar,vocabulary,speaking,beginner"
C0213,Course 213,Business,Beginner,"This beginner-level business MOOC covers core concepts, examples, and assessments. Includes case studies and discussions. (Syllabus ID 313).","management,strategy,marketing,beginner"
C0214,Course 214,Engineering,Intermediate,"This intermediate-level engineering MOOC covers core concepts, examples, and assessments. Includes labs and forum activities. (Syllabus ID 314).","design,control,simulation,intermediate"
C0215,Course 215,Computer Science,Beginner,"This beginner-level computer science MOOC covers core concepts, examples, and assessments. Includes labs and forum activities. (Syllabus ID 315).","programming,algorithms,systems,beginner"
C0216,Course 216,Language,Beginner,"This beginner-level language MOOC covers core concepts, examples, and assessments. Includes case studies and discussions. (Syllabus ID 316).","grammar,vocabulary,speaking,beginner"
C0217,Course 217,Art & Design,Beginner,"This beginner-level art & design MOOC covers core concepts, examples, and assessments. Includes case studies and discussions. (Syllabus ID 317).","creativity,design,studio,beginner"
C0218,Course 218,Engineering,Intermediate,"This intermediate-level engineering MOOC covers core concepts, examples, and assessments. Includes labs and forum activities. (Syllabus ID 318).","design,control,simulation,intermediate"
C0219,Course 219,Mathematics,Beginner,"This beginner-level mathematics MOOC covers core concepts, examples, and assessments. Includes case studies and discussions. (Syllabus ID 319).","calculus,algebra,proofs,beginner"
C0220,Course 220,Computer Science,Advanced,"This advanced-level computer science MOOC covers core concepts, examples, and assessments. Includes labs and forum activities. (Syllabus ID 320).","programming,algorithms,systems,advanced"
C0221,Course 221,Humanities,Intermediate,"This intermediate-level humanities MOOC covers core concepts, examples, and assessments. Includes case studies and discussions. (Syllabus ID 321).","history,culture,ethics,intermediate"
C0222,Course 222,Humanities,Intermediate,"This intermediate-level humanities MOOC covers core concepts, examples, and assessments. Includes case studies and discussions. (Syllabus ID 322).","history,culture,ethics,intermediate"
C0223,Course 223,Engineering,Advanced,"This advanced-level engineering MOOC covers core concepts, examples, and assessments. Includes labs and forum activities. (Syllabus ID 323).","design,control,simulation,advanced"
C0224,Course 224,Computer Science,Beginner,"This beginner-level computer science MOOC covers core concepts, examples, and assessments. Includes labs and forum activities. (Syllabus ID 324).","programming,algorithms,systems,beginner"
C0225,Course 225,Social Sciences,Beginner,"This beginner-level social sciences MOOC covers core concepts, examples, and assessments. Includes case studies and discussions. (Syllabus ID 325).","society,behavior,policy,beginner"
C0226,Course 226,Data Science,Advanced,"This advanced-level data science MOOC covers core concepts, examples, and assessments. Includes labs and forum activities. (Syllabus ID 326).","ml,statistics,python,advanced"
C0227,Course 227,Data Science,Advanced,"This advanced-level data science MOOC covers core concepts, examples, and assessments. Includes labs and forum activities. (Syllabus ID 327).","ml,statistics,python,advanced"
C0228,Course 228,Computer Science,Beginner,"This beginner-level computer science MOOC covers core concepts, examples, and assessments. Includes labs and forum activities. (Syllabus ID 328).","programming,algorithms,systems,beginner"
C0229,Course 229,Engineering,Intermediate,"This intermediate-level engineering MOOC covers core concepts, examples, and assessments. Includes labs and forum activities. (Syllabus ID 329).","design,control,simulation,intermediate"
C0230,Course 230,Art & Design,Beginner,"This beginner-level art & design MOOC covers core concepts, examples, and assessments. Includes case studies and discussions. (Syllabus ID 330).","creativity,design,studio,beginner"
C0231,Course 231,Engineering,Beginner,"This beginner-level engineering MOOC covers core concepts, examples, and assessments. Includes labs and forum activities. (Syllabus ID 331).","design,control,simulation,beginner"
C0232,Course 232,Humanities,Beginner,"This beginner-level humanities MOOC covers core concepts, examples, and assessments. Includes case studies and discussions. (Syllabus ID 332).","history,culture,ethics,beginner"
C0233,Course 233,Mathematics,Beginner,"This beginner-level mathematics MOOC covers core concepts, examples, and assessments. Includes case studies and discussions. (Syllabus ID 333).","calculus,algebra,proofs,beginner"
C0234,Course 234,Computer Science,Beginner,"This beginner-level computer science MOOC covers core concepts, examples, and assessments. Includes labs and forum activities. (Syllabus ID 334).","programming,algorithms,systems,beginner"
C0235,Course 235,Art & Design,Advanced,"This advanced-level art & design MOOC covers core concepts, examples, and assessments. Includes case studies and discussions. (Syllabus ID 335).","creativity,design,studio,advanced"
C0236,Course 236,Data Science,Intermediate,"This intermediate-level data science MOOC covers core concepts, examples, and assessments. Includes labs and forum activities. (Syllabus ID 336).","ml,statistics,python,intermediate"
C0237,Course 237,Humanities,Beginner,"This beginner-level humanities MOOC covers core concepts, examples, and assessments. Includes case studies and discussions. (Syllabus ID 337).","history,culture,ethics,beginner"
C0238,Course 238,Data Science,Beginner,"This beginner-level data science MOOC covers core concepts, examples, and assessments. Includes labs and forum activities. (Syllabus ID 338).","ml,statistics,python,beginner"
C0239,Course 239,Engineering,Beginner,"This beginner-level engineering MOOC covers core concepts, examples, and assessments. Includes labs and forum activities. (Syllabus ID 339).","design,control,simulation,beginner"
C0240,Course 240,Humanities,Beginner,"This beginner-level humanities MOOC covers core concepts, examples, and assessments. Includes case studies and discussions. (Syllabus ID 340).","history,culture,ethics,beginner"
C0241,Course 241,Health,Intermediate,"This intermediate-level health MOOC covers core concepts, examples, and assessments. Includes case studies and discussions. (Syllabus ID 341).","wellness,public-health,bio,intermediate"
C0242,Course 242,Business,Intermediate,"This intermediate-level business MOOC covers core concepts, examples, and assessments. Includes case studies and discussions. (Syllabus ID 342).","management,strategy,marketing,intermediate"
C0243,Course 243,Social Sciences,Beginner,"This beginner-level social sciences MOOC covers core concepts, examples, and assessments. Includes case studies and discussions. (Syllabus ID 343).","society,behavior,policy,beginner"
C0244,Course 244,Art & Design,Beginner,"This beginner-level art & design MOOC covers core concepts, examples, and assessments. Includes case studies and discussions. (Syllabus ID 344).","creativity,design,studio,beginner"
C0245,Course 245,Computer Science,Beginner,"This beginner-level computer science MOOC covers core concepts, examples, and assessments. Includes labs and forum activities. (Syllabus ID 345).","programming,algorithms,systems,beginner"
C0246,Course 246,Engineering,Intermediate,"This intermediate-level engineering MOOC covers core concepts, examples, and assessments. Includes labs and forum activities. (Syllabus ID 346).","design,control,simulation,intermediate"
C0247,Course 247,Humanities,Beginner,"This beginner-level humanities MOOC covers core concepts, examples, and assessments. Includes case studies and discussions. (Syllabus ID 347).","history,culture,ethics,beginner"
C0248,Course 248,Mathematics,Beginner,"This beginner-level mathematics MOOC covers core concepts, examples, and assessments. Includes case studies and discussions. (Syllabus ID 348).","calculus,algebra,proofs,beginner"
C0249,Course 249,Data Science,Intermediate,"This intermediate-level data science MOOC covers core concepts, examples, and assessments. Includes labs and forum activities. (Syllabus ID 349).","ml,statistics,python,intermediate"
C0250,Course 250,Data Science,Beginner,"This beginner-level data science MOOC covers core concepts, examples, and assessments. Includes labs and forum activities. (Syllabus ID 350).","ml,statistics,python,beginner"
C0251,Course 251,Social Sciences,Beginner,"This beginner-level social sciences MOOC covers core concepts, examples, and assessments. Includes case studies and discussions. (Syllabus ID 351).","society,behavior,policy,beginner"
C0252,Course 252,Computer Science,Beginner,"This beginner-level computer science MOOC covers core concepts, examples, and assessments. Includes labs and forum activities. (Syllabus ID 352).","programming,algorithms,systems,beginner"
C0253,Course 253,Data Science,Intermediate,"This intermediate-level data science MOOC covers core concepts, examples, and assessments. Includes labs and forum activities. (Syllabus ID 353).","ml,statistics,python,intermediate"
C0254,Course 254,Humanities,Beginner,"This beginner-level humanities MOOC covers core concepts, examples, and assessments. Includes case studies and discussions. (Syllabus ID 354).","history,culture,ethics,beginner"
C0255,Course 255,Computer Science,Advanced,"This advanced-level computer science MOOC covers core concepts, examples, and assessments. Includes labs and forum activities. (Syllabus ID 355).","programming,algorithms,systems,advanced"
C0256,Course 256,Mathematics,Beginner,"This beginner-level mathematics MOOC covers core concepts, examples, and assessments. Includes case studies and discussions. (Syllabus ID 356).","calculus,algebra,proofs,beginner"
C0257,Course 257,Data Science,Beginner,"This beginner-level data science MOOC covers core concepts, examples, and assessments. Includes labs and forum activities. (Syllabus ID 357).","ml,statistics,python,beginner"
C0258,Course 258,Social Sciences,Intermediate,"This intermediate-level social sciences MOOC covers core concepts, examples, and assessments. Includes case studies and discussions. (Syllabus ID 358).","society,behavior,policy,intermediate"
C0259,Course 259,Engineering,Intermediate,"This intermediate-level engineering MOOC covers core concepts, examples, and assessments. Includes labs and forum activities. (Syllabus ID 359).","design,control,simulation,intermediate"
C0260,Course 260,Humanities,Advanced,"This advanced-level humanities MOOC covers core concepts, examples, and assessments. Includes case studies and discussions. (Syllabus ID 360).","history,culture,ethics,advanced"
C0261,Course 261,Language,Beginner,"This beginner-level language MOOC covers core concepts, examples, and assessments. Includes case studies and discussions. (Syllabus ID 361).","grammar,vocabulary,speaking,beginner"
C0262,Course 262,Computer Science,Intermediate,"This intermediate-level computer science MOOC covers core concepts, examples, and assessments. Includes labs and forum activities. (Syllabus ID 362).","programming,algorithms,systems,intermediate"
C0263,Course 263,Computer Science,Advanced,"This advanced-level computer science MOOC covers core concepts, examples, and assessments. Includes labs and forum activities. (Syllabus ID 363).","programming,algorithms,systems,advanced"
C0264,Course 264,Mathematics,Beginner,"This beginner-level mathematics MOOC covers core concepts, examples, and assessments. Includes case studies and discussions. (Syllabus ID 364).","calculus,algebra,proofs,beginner"
C0265,Course 265,Business,Intermediate,"This intermediate-level business MOOC covers core concepts, examples, and assessments. Includes case studies and discussions. (Syllabus ID 365).","management,strategy,marketing,intermediate"
C0266,Course 266,Business,Intermediate,"This intermediate-level business MOOC covers core concepts, examples, and assessments. Includes case studies and discussions. (Syllabus ID 366).","management,strategy,marketing,intermediate"
C0267,Course 267,Health,Beginner,"This beginner-level health MOOC covers core concepts, examples, and assessments. Includes case studies and discussions. (Syllabus ID 367).","wellness,public-health,bio,beginner"
C0268,Course 268,Humanities,Advanced,"This advanced-level humanities MOOC covers core concepts, examples, and assessments. Includes case studies and discussions. (Syllabus ID 368).","history,culture,ethics,advanced"
C0269,Course 269,Health,Intermediate,"This intermediate-level health MOOC covers core concepts, examples, and assessments. Includes case studies and discussions. (Syllabus ID 369).","wellness,public-health,bio,intermediate"
C0270,Course 270,Engineering,Advanced,"This advanced-level engineering MOOC covers core concepts, examples, and assessments. Includes labs and forum activities. (Syllabus ID 370).","design,control,simulation,advanced"
C0271,Course 271,Humanities,Intermediate,"This intermediate-level humanities MOOC covers core concepts, examples, and assessments. Includes case studies and discussions. (Syllabus ID 371).","history,culture,ethics,intermediate"
C0272,Course 272,Computer Science,Intermediate,"This intermediate-level computer science MOOC covers core concepts, examples, and assessments. Includes labs and forum activities. (Syllabus ID 372).","programming,algorithms,systems,intermediate"
C0273,Course 273,Humanities,Beginner,"This beginner-level humanities MOOC covers core concepts, examples, and assessments. Includes case studies and discussions. (Syllabus ID 373).","history,culture,ethics,beginner"
C0274,Course 274,Language,Beginner,"This beginner-level language MOOC covers core concepts, examples, and assessments. Includes case studies and discussions. (Syllabus ID 374).","grammar,vocabulary,speaking,beginner"
C0275,Course 275,Business,Intermediate,"This intermediate-level business MOOC covers core concepts, examples, and assessments. Includes case studies and discussions. (Syllabus ID 375).","management,strategy,marketing,intermediate"
C0276,Course 276,Computer Science,Advanced,"This advanced-level computer science MOOC covers core concepts, examples, and assessments. Includes labs and forum activities. (Syllabus ID 376).","programming,algorithms,systems,advanced"
C0277,Course 277,Humanities,Beginner,"This beginner-level humanities MOOC covers core concepts, examples, and assessments. Includes case studies and discussions. (Syllabus ID 377).","history,culture,ethics,beginner"
C0278,Course 278,Social Sciences,Beginner,"This beginner-level social sciences MOOC covers core concepts, examples, and assessments. Includes case studies and discussions. (Syllabus ID 378).","society,behavior,policy,beginner"
C0279,Course 279,Computer Science,Beginner,"This beginner-level computer science MOOC covers core concepts, examples, and assessments. Includes labs and forum activities. (Syllabus ID 379).","programming,algorithms,systems,beginner"
C0280,Course 280,Mathematics,Intermediate,"This intermediate-level mathematics MOOC covers core concepts, examples, and assessments. Includes case studies and discussions. (Syllabus ID 380).","calculus,algebra,proofs,intermediate"
C0281,Course 281,Computer Science,Intermediate,"This intermediate-level computer science MOOC covers core concepts, examples, and assessments. Includes labs and forum activities. (Syllabus ID 381).","programming,algorithms,systems,intermediate"
C0282,Course 282,Language,Beginner,"This beginner-level language MOOC covers core concepts, examples, and assessments. Includes case studies and discussions. (Syllabus ID 382).","grammar,vocabulary,speaking,beginner"
C0283,Course 283,Data Science,Intermediate,"This intermediate-level data science MOOC covers core concepts, examples, and assessments. Includes labs and forum activities. (Syllabus ID 383).","ml,statistics,python,intermediate"
C0284,Course 284,Computer Science,Intermediate,"This intermediate-level computer science MOOC covers core concepts, examples, and assessments. Includes labs and forum activities. (Syllabus ID 384).","programming,algorithms,systems,intermediate"
C0285,Course 285,Social Sciences,Advanced,"This advanced-level social sciences MOOC covers core concepts, examples, and assessments. Includes case studies and discussions. (Syllabus ID 385).","society,behavior,policy,advanced"
C0286,Course 286,Business,Beginner,"This beginner-level business MOOC covers core concepts, examples, and assessments. Includes case studies and discussions. (Syllabus ID 386).","management,strategy,marketing,beginner"
C0287,Course 287,Mathematics,Beginner,"This beginner-level mathematics MOOC covers core concepts, examples, and assessments. Includes case studies and discussions. (Syllabus ID 387).","calculus,algebra,proofs,beginner"
C0288,Course 288,Data Science,Intermediate,"This intermediate-level data science MOOC covers core concepts, examples, and assessments. Includes labs and forum activities. (Syllabus ID 388).","ml,statistics,python,intermediate"
C0289,Course 289,Computer Science,Beginner,"This beginner-level computer science MOOC covers core concepts, examples, and assessments. Includes labs and forum activities. (Syllabus ID 389).","programming,algorithms,systems,beginner"
C0290,Course 290,Computer Science,Beginner,"This beginner-level computer science MOOC covers core concepts, examples, and assessments. Includes labs and forum activities. (Syllabus ID 390).","programming,algorithms,systems,beginner"
C0291,Course 291,Computer Science,Intermediate,"This intermediate-level computer science MOOC covers core concepts, examples, and assessments. Includes labs and forum activities. (Syllabus ID 391).","programming,algorithms,systems,intermediate"
C0292,Course 292,Computer Science,Intermediate,"This intermediate-level computer science MOOC covers core concepts, examples, and assessments. Includes labs and forum activities. (Syllabus ID 392).","programming,algorithms,systems,intermediate"
C0293,Course 293,Computer Science,Beginner,"This beginner-level computer science MOOC covers core concepts, examples, and assessments. Includes labs and forum activities. (Syllabus ID 393).","programming,algorithms,systems,beginner"
C0294,Course 294,Computer Science,Intermediate,"This intermediate-level computer science MOOC covers core concepts, examples, and assessments. Includes labs and forum activities. (Syllabus ID 394).","programming,algorithms,systems,intermediate"
C0295,Course 295,Social Sciences,Intermediate,"This intermediate-level social sciences MOOC covers core concepts, examples, and assessments. Includes case studies and discussions. (Syllabus ID 395).","society,behavior,policy,intermediate"
C0296,Course 296,Computer Science,Advanced,"This advanced-level computer science MOOC covers core concepts, examples, and assessments. Includes labs and forum activities. (Syllabus ID 396).","programming,algorithms,systems,advanced"
C0297,Course 297,Data Science,Beginner,"This beginner-level data science MOOC covers core concepts, examples, and assessments. Includes labs and forum activities. (Syllabus ID 397).","ml,statistics,python,beginner"
C0298,Course 298,Computer Science,Intermediate,"This intermediate-level computer science MOOC covers core concepts, examples, and assessments. Includes labs and forum activities. (Syllabus ID 398).","programming,algorithms,systems,intermediate"
C0299,Course 299,Computer Science,Beginner,"This beginner-level computer science MOOC covers core concepts, examples, and assessments. Includes labs and forum activities. (Syllabus ID 399).","programming,algorithms,systems,beginner"
C0300,Course 300,Mathematics,Intermediate,"This intermediate-level mathematics MOOC covers core concepts, examples, and assessments. Includes case studies and discussions. (Syllabus ID 400).","calculus,algebra,proofs,intermediate"
C0301,Course 301,Social Sciences,Intermediate,"This intermediate-level social sciences MOOC covers core concepts, examples, and assessments. Includes case studies and discussions. (Syllabus ID 401).","society,behavior,policy,intermediate"
C0302,Course 302,Data Science,Advanced,"This advanced-level data science MOOC covers core concepts, examples, and assessments. Includes labs and forum activities. (Syllabus ID 402).","ml,statistics,python,advanced"
C0303,Course 303,Computer Science,Intermediate,"This intermediate-level computer science MOOC covers core concepts, examples, and assessments. Includes labs and forum activities. (Syllabus ID 403).","programming,algorithms,systems,intermediate"
C0304,Course 304,Language,Beginner,"This beginner-level language MOOC covers core concepts, examples, and assessments. Includes case studies and discussions. (Syllabus ID 404).","grammar,vocabulary,speaking,beginner"
C0305,Course 305,Computer Science,Intermediate,"This intermediate-level computer science MOOC covers core concepts, examples, and assessments. Includes labs and forum activities. (Syllabus ID 405).","programming,algorithms,systems,intermediate"
C0306,Course 306,Business,Beginner,"This beginner-level business MOOC covers core concepts, examples, and assessments. Includes case studies and discussions. (Syllabus ID 406).","management,strategy,marketing,beginner"
C0307,Course 307,Data Science,Advanced,"This advanced-level data science MOOC covers core concepts, examples, and assessments. Includes labs and forum activities. (Syllabus ID 407).","ml,statistics,python,advanced"
C0308,Course 308,Social Sciences,Beginner,"This beginner-level social sciences MOOC covers core concepts, examples, and assessments. Includes case studies and discussions. (Syllabus ID 408).","society,behavior,policy,beginner"
C0309,Course 309,Art & Design,Beginner,"This beginner-level art & design MOOC covers core concepts, examples, and assessments. Includes case studies and discussions. (Syllabus ID 409).","creativity,design,studio,beginner"
C0310,Course 310,Engineering,Intermediate,"This intermediate-level engineering MOOC covers core concepts, examples, and assessments. Includes labs and forum activities. (Syllabus ID 410).","design,control,simulation,intermediate"
C0311,Course 311,Business,Beginner,"This beginner-level business MOOC covers core concepts, examples, and assessments. Includes case studies and discussions. (Syllabus ID 411).","management,strategy,marketing,beginner"
C0312,Course 312,Art & Design,Intermediate,"This intermediate-level art & design MOOC covers core concepts, examples, and assessments. Includes case studies and discussions. (Syllabus ID 412).","creativity,design,studio,intermediate"
C0313,Course 313,Health,Intermediate,"This intermediate-level health MOOC covers core concepts, examples, and assessments. Includes case studies and discussions. (Syllabus ID 413).","wellness,public-health,bio,intermediate"
C0314,Course 314,Health,Intermediate,"This intermediate-level health MOOC covers core concepts, examples, and assessments. Includes case studies and discussions. (Syllabus ID 414).","wellness,public-health,bio,intermediate"
C0315,Course 315,Mathematics,Advanced,"This advanced-level mathematics MOOC covers core concepts, examples, and assessments. Includes case studies and discussions. (Syllabus ID 415).","calculus,algebra,proofs,advanced"
C0316,Course 316,Computer Science,Beginner,"This beginner-level computer science MOOC covers core concepts, examples, and assessments. Includes labs and forum activities. (Syllabus ID 416).","programming,algorithms,systems,beginner"
C0317,Course 317,Humanities,Beginner,"This beginner-level humanities MOOC covers core concepts, examples, and assessments. Includes case studies and discussions. (Syllabus ID 417).","history,culture,ethics,beginner"
C0318,Course 318,Data Science,Beginner,"This beginner-level data science MOOC covers core concepts, examples, and assessments. Includes labs and forum activities. (Syllabus ID 418).","ml,statistics,python,beginner"
C0319,Course 319,Data Science,Beginner,"This beginner-level data science MOOC covers core concepts, examples, and assessments. Includes labs and forum activities. (Syllabus ID 419).","ml,statistics,python,beginner"
C0320,Course 320,Art & Design,Beginner,"This beginner-level art & design MOOC covers core concepts, examples, and assessments. Includes case studies and discussions. (Syllabus ID 420).","creativity,design,studio,beginner"
